Text A,Text B,Result
1100,1141,1
1100,2477,1
1100,2531,1
1100,5367,1
1100,5458,1
1100,5745,1
1100,5880,1
1100,7414,1
1102,2127,1
1102,2268,1
1102,3273,1
1102,401,1
1102,4518,1
1102,6857,1
1104,3309,1
1104,866,1
1108,1298,1
1108,3013,1
1108,3867,1
1108,4008,1
1108,4535,1
1108,6037,1
1109,1962,1
1109,2140,1
1109,2178,1
1109,2270,0
1109,3629,1
1109,3816,1
1109,4304,1
1109,4609,1
1109,4701,1
1109,5027,1
1109,5829,0
1109,702,1
1109,7058,1
1126,3044,1
1126,3104,0
1126,3489,0
1126,3492,1
1126,4043,1
1126,4309,0
1126,431,1
1126,4859,1
1126,5999,1
1126,6686,0
1126,7153,0
1131,2887,1
1131,4256,0
1131,4749,0
1131,5162,0
1131,6221,0
1131,7371,0
1133,1285,0
1133,1507,1
1133,2162,1
1133,2328,1
1133,3041,1
1133,3372,0
1133,3673,1
1133,3843,1
1133,6092,1
1133,6249,0
1133,6402,1
1133,6792,0
1141,1999,1
1141,2841,1
1141,4274,0
1141,5038,1
1141,6021,0
1141,6113,0
1141,8009,0
1154,2093,1
1154,2323,1
1154,3420,0
1154,3664,1
1154,6585,1
1154,6599,1
1154,7210,1
1154,7252,0
1154,7429,1
1154,8008,0
1159,1525,0
1159,2289,1
1159,2730,1
1159,2921,1
1159,3431,1
1159,3669,1
1167,1570,1
1167,2268,1
1167,2458,1
1167,2795,0
1167,4177,1
1167,4585,1
1167,7203,1
1167,737,1
1175,2202,1
1175,2734,0
1175,2983,0
1175,3034,1
1175,5641,0
1175,6288,1
1175,6984,0
1175,706,0
1175,7218,0
1176,1556,0
1176,2002,0
1176,2069,1
1176,2937,0
1176,4283,1
1176,5493,0
1176,5556,0
1176,6500,0
1176,7255,1
1183,1927,1
1183,3152,0
1183,3236,0
1183,4295,1
1183,5661,0
1183,6117,0
1183,6893,0
1197,2287,1
1197,3225,1
1197,3840,1
1197,4470,1
1197,4535,1
1197,5624,1
1197,5825,1
1197,6091,1
1197,6877,1
1197,6893,1
1199,2041,1
1199,3504,1
1199,3555,0
1199,4723,0
1199,5721,0
1199,6803,0
1199,6820,0
1199,7075,1
1200,2780,1
1200,3098,0
1200,3840,1
1200,5276,0
1200,6021,0
1200,6181,0
1200,6330,0
1200,6342,0
1200,6430,0
1200,6522,1
1203,2069,1
1203,2407,1
1203,3057,1
1203,3492,1
1203,4351,1
1203,4776,1
1203,4998,1
1203,5364,1
1203,6110,1
1203,7294,0
1203,744,1
1206,1210,0
1206,1524,1
1206,1532,0
1206,2399,1
1206,2942,0
1206,5432,1
1206,6658,1
1206,740,0
1210,2044,1
1210,2725,1
1210,3190,1
1210,3664,1
1210,3891,1
1210,4586,1
1210,4587,1
1210,4769,1
1210,5626,1
1210,5867,1
1210,6221,1
1210,6302,1
1210,6658,1
1210,6668,1
1210,6788,1
1210,7059,1
1220,413,1
1220,5103,1
1220,7188,1
1220,7213,0
1228,1502,0
1228,2041,1
1228,2730,0
1228,3269,1
1228,3316,0
1228,3378,0
1228,3431,0
1228,3605,1
1228,4094,1
1228,4380,0
1228,6439,1
1245,1593,0
1245,2104,0
1245,2202,1
1245,2722,1
1245,2963,0
1245,432,1
1245,4609,1
1245,5027,1
1245,5168,1
1245,6439,1
1245,6686,0
1245,7153,0
1245,7249,1
1245,7255,1
1249,1532,0
1249,1959,0
1249,2218,1
1249,2347,1
1249,2520,0
1249,3077,0
1249,3698,0
1249,4556,1
1249,4608,1
1249,6189,0
1249,6518,0
1249,6609,0
1249,7236,1
1249,863,0
1260,2080,1
1260,2745,1
1260,3041,1
1260,4008,1
1260,4723,1
1260,4937,1
1260,5232,1
1260,5251,1
1260,5290,0
1260,7329,1
1278,2162,1
1278,2626,1
1278,2701,1
1278,2842,1
1278,4776,1
1278,7264,1
1278,7278,1
1285,3620,1
1285,3758,0
1285,5073,1
1285,5745,0
1285,6481,0
1285,6761,1
1294,2844,1
1294,3128,1
1294,3620,0
1294,4830,0
1294,5368,0
1294,5484,0
1294,7159,0
1298,2113,1
1298,2606,1
1298,3712,0
1298,3843,1
1298,3897,1
1298,4309,0
1298,4524,1
1298,4749,1
1298,6402,1
1298,6857,1
1502,1526,1
1502,1927,1
1502,2025,1
1502,3040,1
1502,4177,1
1502,4570,1
1502,4700,1
1502,4723,1
1502,5006,1
1502,5169,1
1502,5364,1
1502,5754,0
1502,6993,0
1502,6998,0
1503,1980,1
1503,3248,1
1503,3356,0
1503,3677,1
1503,3680,0
1503,4043,1
1503,4274,0
1503,4849,0
1503,5099,0
1503,5276,0
1503,6270,0
1503,7139,1
1507,2008,1
1507,2274,1
1507,2714,0
1507,4300,0
1507,4398,0
1507,4776,1
1507,5692,0
1507,5702,0
1507,6447,0
1507,6529,1
1507,6668,0
1512,1532,1
1512,1962,1
1512,2017,1
1512,2656,0
1512,2751,0
1512,2780,1
1512,2970,1
1512,3129,1
1512,4556,1
1512,5458,1
1512,5520,1
1512,5686,0
1512,5775,0
1512,6154,1
1512,7393,1
1517,2212,1
1517,3182,1
1517,3669,1
1517,3840,1
1517,467,0
1517,4924,1
1517,6533,0
1517,7027,0
1517,7214,0
1517,7295,1
1518,2430,1
1518,4578,1
1518,4691,0
1518,4809,0
1518,5214,1
1518,6668,1
1518,6909,1
1520,1999,1
1520,2942,0
1520,3248,1
1520,3691,1
1520,4051,0
1520,4205,1
1520,4982,1
1520,5979,1
1524,2753,1
1524,2795,0
1524,3084,0
1524,3254,0
1524,3886,0
1524,4327,0
1524,5229,0
1524,5647,0
1524,6036,1
1524,6163,0
1524,6354,0
1524,6503,0
1524,7146,1
1524,7184,0
1525,3150,1
1525,3193,1
1525,3386,0
1525,4380,1
1525,5173,1
1525,5858,1
1525,7294,0
1526,2162,0
1526,2214,0
1526,3245,0
1526,3816,1
1526,5289,1
1526,5484,1
1526,6361,0
1526,6730,1
1529,2323,1
1529,2670,1
1529,3580,1
1529,3680,0
1529,5649,0
1529,7062,1
1529,7240,1
1529,8020,0
1532,2410,1
1532,2795,1
1532,3192,1
1532,3886,1
1532,4139,1
1532,5624,1
1532,6237,0
1535,2243,1
1535,3041,1
1535,4487,1
1535,4608,1
1535,5617,0
1535,5623,0
1535,6600,1
1537,5676,0
1537,5835,1
1553,1949,1
1553,2531,0
1553,2751,0
1553,3113,0
1553,6181,0
1553,6272,1
1553,731,0
1556,2462,1
1566,2487,1
1566,2937,0
1566,3624,0
1566,4749,0
1566,4859,1
1566,5238,0
1566,5859,0
1566,6189,0
1566,6500,0
1566,700,0
1566,713,1
1566,7332,0
1570,1918,1
1570,1947,1
1570,2268,1
1570,2498,0
1570,2887,1
1570,2963,0
1570,2999,1
1570,3577,1
1570,4590,1
1570,4700,1
1570,486,0
1570,6604,1
1570,6748,0
1571,2652,0
1571,2782,0
1571,2970,1
1571,3823,0
1571,6496,0
1575,2138,1
1575,3220,1
1575,3508,0
1575,3875,1
1584,2652,1
1584,2665,1
1584,3150,1
1584,3620,1
1584,4327,1
1584,5867,1
1584,6993,0
1589,2127,1
1589,2248,1
1589,2606,1
1589,3434,0
1589,3757,0
1589,3758,0
1589,4105,1
1589,5641,0
1589,5721,0
1589,7058,0
1592,3489,0
1592,4907,1
1592,5790,0
1592,6503,0
1592,881,0
1593,2328,1
1593,2487,1
1593,3677,1
1593,3816,1
1593,4556,1
1593,5703,1
1593,5736,1
1593,5866,1
1595,2061,1
1595,5445,1
1595,5617,1
1595,5858,1
1595,6163,1
1595,6814,1
1597,2178,1
1597,2522,0
1597,2606,1
1597,4295,1
1597,5315,1
1597,5408,1
1597,5829,0
1597,6111,1
1597,6201,0
1597,6348,0
1597,6877,1
1599,2017,1
1599,2287,1
1599,2753,1
1599,3575,1
1599,5340,0
1599,5858,1
1599,7156,0
1599,7235,1
1902,1988,1
1902,3530,0
1902,4364,1
1902,5957,1
1902,6795,1
1902,7180,1
1905,2355,0
1905,3236,0
1905,4297,0
1905,4585,1
1905,5493,0
1905,6455,0
1906,2221,1
1906,2430,0
1906,5815,0
1906,6036,0
1906,6615,0
1906,8022,0
1906,8030,0
1912,2083,1
1912,2860,1
1912,4327,1
1912,4351,1
1912,5649,0
1912,5934,1
1912,6402,1
1912,6792,0
1912,6857,1
1916,2104,0
1916,2945,1
1916,3253,0
1916,3398,0
1916,4304,1
1916,4672,1
1916,4931,1
1916,5087,0
1916,5499,0
1916,6212,1
1918,2289,0
1918,2328,0
1918,2422,0
1918,3489,0
1918,4071,0
1918,4688,0
1918,5649,0
1918,7150,0
1920,2082,0
1920,2270,0
1920,3440,0
1920,3891,0
1920,444,0
1920,4535,0
1920,4587,0
1920,6686,0
1920,7075,1
1920,7483,0
1926,3440,1
1926,4113,1
1926,4566,1
1926,5647,1
1926,6828,1
1926,7204,1
1926,7299,1
1926,8022,0
1927,2248,1
1927,2410,1
1927,2743,0
1927,3680,0
1927,4586,0
1927,4776,1
1927,5937,0
1927,7425,1
1932,2081,1
1932,2665,0
1932,2947,0
1932,3497,0
1932,4456,0
1932,454,0
1932,4629,0
1932,5308,0
1932,5388,1
1932,6915,0
1932,7458,0
1932,8008,0
1947,2041,1
1947,2701,1
1947,3083,1
1947,3192,1
1947,4445,0
1947,4464,1
1947,4700,1
1947,5143,1
1947,5168,1
1947,5686,0
1947,6663,0
1949,2857,0
1949,3298,0
1949,4253,0
1949,4580,0
1949,6600,0
1949,6748,0
1950,2243,0
1950,2265,1
1950,3440,0
1950,3532,1
1950,4289,1
1959,2310,1
1959,2576,1
1959,2754,1
1959,5231,0
1959,5499,0
1959,5963,1
1959,6570,1
1959,7014,0
1962,2355,0
1962,3109,0
1962,3875,0
1962,5169,0
1962,5368,0
1962,5641,0
1962,6512,0
1962,6859,0
1967,2127,0
1967,2347,0
1967,2396,0
1967,2618,0
1967,2751,0
1967,4723,0
1967,5407,0
1967,6615,0
1967,734,0
1967,7483,0
1975,2537,1
1975,2635,1
1975,2665,1
1975,3011,0
1975,3254,1
1975,3497,1
1975,3586,1
1975,3782,1
1975,6430,1
1975,6479,1
1975,6946,0
1975,7070,1
1980,3133,0
1980,4371,0
1980,4742,0
1980,5477,0
1980,5934,0
1980,6447,0
1980,6748,0
1980,7236,0
1980,7371,0
1980,7429,0
1988,2387,1
1988,2446,1
1988,2534,1
1988,3040,1
1988,3555,0
1988,4097,1
1988,4556,1
1988,5027,1
1988,5647,1
1988,6998,0
1988,7027,0
1995,2248,1
1995,2386,1
1995,2863,0
1995,3133,1
1995,3474,0
1995,4949,1
1995,5232,0
1995,6330,0
1995,6479,1
1995,6915,0
1995,7371,0
1995,740,0
1999,2211,0
1999,2389,1
1999,2779,0
1999,3420,0
1999,4915,1
1999,5499,0
1999,5751,0
1999,6058,0
1999,6716,0
2000,2258,0
2000,4327,1
2000,5232,0
2000,5561,0
2000,6189,0
2000,6997,0
2000,7455,1
2002,2857,1
2002,3236,0
2002,3273,1
2002,4542,1
2002,5684,0
2008,2270,0
2008,2410,1
2008,2621,0
2008,3521,0
2008,4710,0
2008,5368,1
2008,5963,1
2008,6117,0
2008,6576,0
2008,6626,1
2008,723,1
2008,7249,1
2008,8009,0
2013,2547,0
2013,2657,1
2013,2782,0
2013,3716,0
2013,3758,0
2013,3886,1
2013,4470,0
2013,5370,1
2013,5457,0
2013,5648,0
2013,6445,0
2013,6604,1
2013,7014,0
2017,2684,1
2017,2855,1
2017,2945,1
2017,4321,1
2017,476,1
2017,6021,1
2017,6092,1
2017,7076,1
2017,7354,1
2017,8020,0
2020,2072,0
2020,3889,0
2020,4456,0
2020,4726,0
2020,5624,0
2020,6496,0
2020,7032,0
2020,7218,0
2021,2229,0
2021,2355,0
2021,5073,1
2021,5305,0
2021,6829,0
2021,7235,1
2021,8018,0
2025,2963,0
2025,2985,1
2025,5284,0
2025,5315,1
2025,6593,0
2030,2517,1
2030,3420,0
2030,5230,0
2030,5388,1
2030,5484,1
2030,5515,0
2030,5841,1
2030,6445,1
2030,6500,0
2030,6792,0
2030,7153,1
2030,7181,0
2041,2591,0
2041,5472,0
2041,6249,0
2043,2734,0
2043,3269,1
2043,5829,0
2043,6439,1
2043,6599,1
2044,2064,1
2044,3206,0
2044,3702,1
2044,4578,1
2044,4906,1
2044,6529,1
2044,6554,0
2044,7362,1
2044,737,1
2045,2430,0
2045,2643,0
2045,3011,0
2045,422,0
2045,5515,0
2045,5596,0
2045,5667,0
2045,5736,0
2061,2750,1
2061,2841,1
2061,2863,1
2061,3152,1
2061,3816,1
2061,5233,1
2061,6998,0
2061,7414,1
2063,3784,0
2063,4253,1
2063,4570,0
2063,6291,0
2063,7214,0
2064,3369,0
2064,3372,0
2064,3532,1
2064,3782,1
2064,4802,1
2064,4849,1
2064,5661,1
2064,5684,0
2064,7236,1
2069,2701,0
2069,3225,0
2069,4726,0
2069,5859,0
2069,7433,0
2072,3245,0
2072,4097,1
2072,4333,1
2072,4691,0
2072,4723,0
2072,6030,1
2072,6323,1
2072,6394,0
2072,7109,0
2080,2229,1
2080,2558,1
2080,2598,1
2080,3458,1
2080,4139,1
2080,4456,1
2080,5370,1
2080,5432,1
2080,6500,0
2081,2114,1
2081,2849,1
2081,3372,0
2081,3996,0
2081,5305,1
2081,5440,1
2081,5449,0
2081,5477,1
2081,6686,0
2081,6857,1
2082,2104,0
2082,447,1
2082,4708,1
2082,4903,0
2082,6533,0
2082,6672,0
2082,7017,1
2082,8003,1
2083,2892,0
2083,4295,1
2083,4298,1
2083,4524,1
2083,467,0
2083,6658,0
2083,7264,1
2087,4102,1
2087,5407,0
2087,5445,0
2087,7161,0
2093,3143,0
2093,432,0
2093,5751,0
2093,6323,1
2093,6522,0
2093,6658,0
2093,7405,1
2104,2970,1
2104,3356,0
2104,6212,1
2104,6795,1
2104,8009,0
2113,2855,1
2113,3179,1
2113,4822,0
2113,4924,1
2113,4953,1
2113,5191,1
2113,5641,0
2113,6944,1
2113,7460,1
2114,2884,1
2114,4094,1
2114,4949,1
2114,6318,1
2114,6516,0
2114,6946,0
2114,7255,1
2114,7264,1
2114,7486,1
2115,2884,0
2115,4051,0
2115,4556,1
2115,4609,1
2115,4726,0
2115,4814,0
2115,6626,1
2115,6715,0
2115,7486,1
2115,8020,0
2127,2887,1
2127,3041,1
2127,3376,1
2127,4283,1
2127,5531,0
2127,5689,0
2127,5825,1
2127,6803,0
2127,7477,1
2138,2703,0
2138,2890,0
2138,5290,0
2138,5989,0
2138,6154,0
2138,6580,0
2140,2243,1
2140,2270,0
2140,2330,0
2140,2386,1
2140,2657,0
2140,2968,0
2140,4139,1
2140,4300,0
2140,4585,1
2140,5073,1
2140,5368,0
2140,5461,0
2140,7210,0
2140,7405,0
2140,8022,0
2146,2430,0
2146,2458,1
2146,2799,0
2146,2884,0
2146,3023,1
2146,3386,0
2146,4164,1
2146,5499,0
2146,5880,1
2146,6110,0
2146,6576,0
2146,7390,1
2155,2772,0
2155,2921,0
2155,3886,1
2155,4465,1
2155,4776,0
2155,5493,0
2155,6237,0
2155,6877,0
2162,2184,0
2162,4822,1
2162,6237,0
2162,7058,1
2178,2462,0
2178,2591,0
2178,2747,1
2178,2970,1
2178,3044,0
2178,3758,0
2178,5626,0
2178,7027,0
2178,7059,1
2184,439,1
2184,5038,1
2184,5388,1
2184,7218,1
2184,737,1
2185,3816,1
2185,4822,1
2185,6707,0
2185,7109,1
2185,7458,1
2185,8030,1
2202,2248,0
2202,2328,0
2202,2626,0
2202,3620,0
2202,3707,0
2202,4553,0
2202,5744,0
2202,5825,1
2202,5880,1
2202,7184,0
2208,2240,1
2208,4139,1
2208,4903,0
2208,5074,0
2208,7180,1
2208,7310,1
2211,2327,1
2211,2684,1
2211,3431,1
2211,5449,0
2211,5957,1
2211,6071,0
2211,6402,1
2212,2853,0
2212,3109,0
2212,4253,1
2212,5173,1
2212,6209,1
2214,2396,1
2214,2892,0
2214,3689,1
2214,3702,1
2214,3816,1
2214,4219,1
2214,4892,1
2214,4907,1
2218,2674,1
2218,3143,0
2218,4566,1
2218,5110,1
2218,5499,0
2218,5751,0
2218,6803,0
2218,7311,1
2221,4691,0
2221,5367,1
2221,5531,0
2221,6154,0
2221,7393,0
2221,7477,0
2229,2517,1
2229,2944,0
2229,4297,1
2229,4749,1
2229,5001,1
2229,6583,1
2229,6599,0
2230,2703,0
2230,2791,0
2230,2855,0
2230,4295,0
2230,4487,0
2230,4609,1
2230,5989,1
2230,6270,0
2230,6405,1
2230,7139,1
2235,2274,1
2235,5388,1
2240,5103,1
2240,5232,0
2240,6317,1
2240,6615,0
2240,6893,1
2240,6984,0
2240,7261,1
2243,2684,1
2243,2725,1
2243,4008,0
2243,5820,1
2243,7390,1
2248,2444,0
2248,2606,0
2248,2934,0
2248,3040,0
2248,5229,0
2248,5432,0
2248,5926,1
2248,7204,0
2252,2566,1
2252,3458,1
2252,4051,0
2252,6669,1
2258,3599,0
2258,3624,0
2258,3827,0
2258,4518,0
2258,6228,1
2258,7075,0
2265,2323,0
2265,2790,0
2265,3152,0
2265,3207,0
2265,3434,0
2265,3458,0
2265,3563,0
2265,4139,1
2265,4179,0
2265,5520,0
2265,5942,1
2265,6291,0
2265,6604,0
2268,3182,1
2268,3677,1
2268,3816,0
2268,4580,0
2268,5449,0
2268,6656,0
2268,7308,1
2270,2422,1
2270,3150,1
2270,5251,1
2274,2946,0
2274,5192,1
2274,5711,0
2274,5926,1
2274,6272,1
2287,2422,1
2287,2547,1
2287,3620,0
2287,3815,0
2287,4256,0
2287,5617,0
2287,5880,1
2287,6288,1
2287,6877,0
2287,7255,1
2289,2817,0
2289,3580,0
2289,4179,0
2289,4802,1
2289,4818,0
2289,4999,0
2289,5270,0
2289,5596,0
2289,5825,0
2289,7130,0
2289,7181,0
2301,3891,0
2301,4253,1
2301,4578,0
2301,5317,0
2301,5768,0
2301,5957,1
2301,6228,1
2301,6768,0
2301,7264,1
2310,3104,0
2310,4298,1
2310,4629,0
2310,5548,0
2310,6554,0
2310,7180,0
2310,7477,1
2312,3113,0
2312,3620,0
2312,3746,1
2312,3903,1
2312,431,0
2312,479,1
2312,4971,0
2312,6291,0
2312,6748,0
2312,7236,0
2323,2892,0
2323,447,0
2323,4470,0
2323,4691,0
2323,5155,1
2323,5703,0
2323,5865,1
2323,6181,0
2327,2558,1
2327,2750,1
2327,4892,1
2327,5711,0
2327,5781,0
2327,6302,1
2327,7264,1
2327,7460,1
2327,8020,0
2328,2462,1
2328,2531,0
2328,3497,1
2328,4524,1
2328,5136,1
2328,5370,1
2328,5751,1
2328,6405,1
2328,6447,0
2328,6748,1
2330,2795,0
2330,4309,0
2330,4700,1
2330,5046,1
2330,5926,1
2330,5963,1
2330,6037,1
2330,6583,1
2330,7354,1
2334,2444,1
2334,2779,0
2334,3727,1
2334,4362,1
2334,4578,1
2334,5689,0
2334,6669,0
2334,8003,0
2347,4553,0
2347,4769,1
2347,5290,0
2347,6613,0
2347,6658,1
2347,6965,0
2347,7235,1
2347,7371,0
2347,8018,1
2355,5679,0
2355,5841,0
2355,6761,1
2386,3716,0
2386,4661,1
2386,476,1
2386,4822,0
2386,4849,0
2386,4949,0
2386,5231,0
2386,5989,1
2386,6067,0
2386,6291,1
2386,6768,0
2387,2921,1
2387,3152,0
2387,3681,1
2387,4334,0
2387,4351,1
2387,5531,0
2387,5548,0
2387,7142,1
2389,2779,1
2389,3057,1
2389,3220,1
2389,3815,0
2389,3843,1
2389,426,0
2389,4672,1
2389,4726,0
2389,5751,0
2389,6608,0
2389,6672,0
2390,3581,0
2390,3654,0
2390,4570,1
2390,4608,0
2390,5143,0
2390,5624,0
2390,5934,0
2390,6583,0
2390,6623,0
2396,2522,0
2396,2772,0
2396,3381,1
2396,3458,1
2396,444,0
2396,4566,1
2396,4587,1
2396,4700,1
2396,5368,1
2396,6795,1
2396,7221,1
2397,2856,1
2397,3129,1
2397,3458,1
2397,4426,1
2397,5449,1
2397,6317,1
2397,6323,1
2397,6479,1
2397,6829,1
2397,7083,1
2399,2520,1
2399,2684,1
2399,2890,0
2399,3077,0
2399,4578,1
2399,5106,1
2407,3316,0
2407,3555,0
2407,3581,0
2407,3891,1
2407,4556,1
2407,4590,1
2410,6593,0
2410,7181,0
2410,7235,1
2410,7310,1
2410,881,0
2410,894,0
2417,2635,1
2417,2790,0
2417,2863,0
2417,3673,1
2417,4371,0
2417,4445,0
2417,4553,0
2417,4892,0
2417,5074,0
2417,5499,0
2417,5511,0
2422,2854,1
2422,3584,1
2422,3586,1
2422,3692,1
2422,5367,1
2422,7154,0
2430,2606,1
2430,3680,0
2430,3698,0
2430,4700,1
2430,6342,1
2430,6893,0
2444,5308,1
2444,7203,1
2446,3298,1
2446,3458,1
2446,3481,1
2446,5155,1
2446,5963,1
2446,6496,0
2458,2853,0
2458,4043,0
2458,4327,0
2458,5238,0
2458,6223,1
2458,6318,1
2462,2942,0
2462,3129,0
2462,3637,1
2462,3727,1
2462,4629,1
2462,4708,1
2462,5729,0
2462,5979,1
2462,6663,0
2462,6715,0
2462,7075,1
2462,7177,0
2472,4105,1
2472,6037,1
2472,6349,1
2473,2772,1
2473,4749,1
2473,5388,1
2477,3629,0
2477,3782,1
2477,4867,1
2477,5168,1
2477,5856,0
2477,6164,0
2477,6264,0
2477,6512,1
2487,3702,1
2487,4105,1
2487,4295,1
2487,4609,1
2487,7189,1
2487,895,0
2498,2747,1
2498,2771,1
2498,3137,1
2498,3298,1
2498,3369,0
2498,4867,1
2498,700,0
2498,7192,0
2498,8018,1
2513,2863,1
2513,3671,1
2513,3673,1
2513,4334,1
2513,4609,1
2513,5647,1
2513,5649,0
2517,3604,1
2517,4105,1
2517,444,0
2517,5723,0
2517,5781,0
2517,6730,1
2517,7184,1
2517,7329,0
2517,7429,1
2520,2945,1
2520,3011,0
2520,3789,1
2520,6154,1
2520,6259,1
2520,7310,1
2521,2944,0
2521,3113,0
2521,3150,1
2521,3577,1
2521,4456,0
2521,7221,1
2521,7278,0
2521,7390,1
2522,2534,1
2522,3504,1
2522,3840,1
2522,4327,1
2522,5688,1
2522,5825,1
2522,6298,1
2522,6915,1
2531,3207,1
2531,4362,1
2531,5928,1
2531,6298,1
2531,7154,0
2531,7189,1
2534,2635,1
2534,2750,1
2534,2983,0
2534,3133,1
2534,3378,0
2534,3682,1
2534,4971,0
2534,5006,1
2534,6212,0
2534,6503,0
2534,7203,0
2534,7362,1
2534,7425,1
2537,5370,1
2537,5876,1
2537,7080,0
2547,3206,0
2547,3378,1
2547,4164,1
2547,4487,1
2547,4591,1
2547,5999,1
2547,6067,0
2547,6091,1
2547,6663,0
2547,6920,0
2547,7153,0
2547,7489,1
2558,2753,1
2558,5110,1
2558,5493,0
2558,5999,1
2560,2657,1
2560,2734,0
2560,3241,0
2560,4470,0
2560,4769,1
2560,5284,0
2560,6342,0
2560,6820,0
2560,6829,0
2560,7014,0
2560,7475,0
2560,881,0
2566,3107,0
2566,3702,1
2566,458,0
2566,4710,0
2566,5758,0
2566,6349,0
2566,6394,0
2566,7189,1
2576,3225,0
2576,3532,1
2576,458,0
2576,6604,1
2576,6686,0
2588,3897,1
2588,4043,1
2588,4822,1
2588,5688,0
2588,6111,1
2588,6223,1
2588,6253,1
2588,6554,1
2588,6623,1
2588,6740,1
2588,6792,0
2591,3555,0
2591,5169,1
2591,5531,0
2591,6715,0
2591,6946,0
2598,2856,1
2598,2857,1
2598,3669,1
2598,5368,1
2598,5588,0
2598,6609,0
2606,3372,0
2606,4623,1
2606,4903,0
2606,6031,1
2606,6098,1
2606,7189,1
2606,8022,0
2618,2725,1
2618,3886,1
2618,4726,0
2618,6163,0
2618,6245,1
2618,6788,1
2621,3040,1
2621,3381,1
2621,3581,1
2621,5340,0
2621,6615,0
2621,6984,0
2621,7204,1
2621,7255,1
2621,7329,1
2623,2921,1
2623,3889,1
2623,4470,0
2623,4822,1
2623,5330,1
2623,5596,1
2623,7218,1
2623,7255,1
2625,2722,1
2625,2987,1
2625,3996,1
2625,4639,0
2625,5649,0
2625,5942,1
2625,6189,1
2625,6291,1
2626,2670,1
2626,3158,0
2626,3891,1
2626,4809,0
2626,4931,1
2626,5364,1
2626,5825,1
2626,6408,1
2626,6768,0
2626,6909,0
2626,6943,0
2626,6944,1
2626,7059,1
2626,7294,0
2635,4371,0
2635,4604,0
2635,5370,1
2635,6154,0
2635,8003,0
2643,2751,0
2643,3386,0
2643,3637,0
2643,4769,1
2643,6071,0
2652,2857,1
2652,3128,1
2652,3241,1
2652,3378,0
2652,3996,1
2652,4113,1
2652,5006,1
2652,5453,0
2652,5866,1
2652,6245,1
2652,6599,1
2652,7311,1
2652,742,1
2656,2722,1
2656,3376,1
2656,4067,1
2656,5548,0
2656,5647,1
2656,6264,1
2656,6583,1
2657,2892,0
2657,3318,0
2657,3758,0
2657,3987,0
2657,4849,0
2657,6270,0
2657,6754,0
2657,6965,0
2665,2791,0
2665,3128,1
2665,4700,1
2665,4723,0
2665,4738,0
2665,4818,0
2665,5232,0
2665,5623,0
2665,6984,0
2670,447,1
2674,3664,1
2674,4094,1
2674,444,0
2674,4769,1
2674,5418,1
2674,5866,1
2675,2932,0
2675,3046,1
2675,4998,1
2675,5251,1
2675,6163,0
2675,6481,0
2684,3784,1
2684,439,0
2684,5499,0
2684,7310,1
2701,2743,0
2701,3434,0
2701,426,0
2701,5781,0
2701,6272,1
2701,6576,0
2701,7059,1
2701,737,1
2703,2841,1
2703,3372,1
2703,3504,1
2703,3712,1
2703,4700,1
2703,5238,1
2703,5440,1
2703,5751,1
2703,6092,1
2703,6857,1
2703,7083,1
2714,3133,1
2714,3816,1
2714,4487,1
2714,5775,0
2714,7324,1
2714,863,0
2722,2899,1
2722,3489,0
2722,3497,1
2722,3680,0
2722,3707,1
2722,5233,1
2722,5252,0
2722,5556,0
2722,5686,0
2722,6264,0
2722,6658,1
2722,6707,1
2725,3823,1
2725,4097,1
2725,6272,1
2725,7021,0
2730,2932,0
2730,3372,1
2730,4585,1
2730,5568,0
2730,7203,1
2734,3041,1
2734,3584,1
2734,4067,1
2734,4306,1
2734,5837,1
2734,6036,1
2734,6071,1
2743,5561,1
2743,740,0
2745,4298,1
2745,4464,1
2745,4586,0
2745,4591,1
2745,4830,1
2745,5790,0
2745,5829,0
2745,5867,1
2745,6803,0
2745,6920,0
2745,7482,1
2747,2750,1
2747,3578,1
2747,5568,0
2747,6221,1
2747,6288,1
2747,6481,0
2747,6795,1
2747,706,1
2750,3874,0
2750,4738,1
2750,5169,1
2750,5368,1
2750,5418,1
2750,7429,1
2751,3134,1
2751,3584,1
2751,4769,1
2751,5006,1
2751,5679,1
2751,5876,1
2751,5925,1
2751,6518,1
2751,6754,1
2753,7062,1
2754,3179,1
2754,4333,1
2754,5484,1
2754,6626,1
2754,7477,1
2771,3192,1
2771,3381,1
2771,4283,1
2771,4464,1
2771,5073,1
2771,6201,0
2771,6302,0
2771,6529,0
2771,6583,1
2771,6814,0
2772,3064,0
2772,3244,1
2772,5692,0
2772,6834,0
2779,4177,1
2779,4487,1
2779,5276,0
2779,5531,0
2779,6318,1
2779,7371,0
2779,8018,1
2780,2790,0
2780,3309,1
2780,4105,1
2780,422,0
2780,5457,0
2780,6021,1
2780,7161,1
2782,2887,1
2782,2942,0
2782,3669,1
2782,3823,1
2782,5520,1
2782,5999,1
2782,6354,1
2782,6915,1
2790,3586,1
2790,3669,1
2790,5418,1
2790,6189,1
2790,6857,1
2791,5252,0
2791,5876,1
2791,6788,1
2791,6965,0
2795,3044,1
2795,3489,0
2795,3815,1
2795,413,1
2795,5330,1
2795,5364,1
2795,5548,0
2795,5865,1
2795,5989,1
2795,6636,1
2799,3040,1
2799,3681,1
2799,4776,1
2799,479,1
2799,6201,0
2799,7236,1
2817,2962,1
2817,4859,1
2817,6036,1
2817,7076,1
2817,8003,1
2821,2963,0
2821,4708,1
2821,5364,1
2821,5472,0
2821,5648,0
2821,6259,1
2821,7159,0
2821,7332,1
2821,8003,0
2841,2937,0
2841,3702,1
2841,4253,0
2841,4971,0
2841,5167,1
2841,5778,0
2841,6237,0
2841,6626,1
2841,6754,0
2841,6823,0
2841,7393,0
2842,2947,0
2842,3158,0
2842,5029,1
2842,5825,1
2842,6154,1
2842,6348,0
2842,6604,1
2842,702,1
2844,3113,0
2844,4238,1
2844,5155,1
2844,6348,0
2847,2849,1
2847,6518,0
2847,7076,1
2847,7139,1
2849,3236,0
2849,4139,1
2849,4300,1
2849,4802,1
2849,6163,0
2853,3554,1
2853,4139,1
2853,426,1
2853,4691,0
2853,7181,0
2854,3521,1
2854,5515,0
2854,5729,0
2854,5942,1
2854,6915,1
2854,6944,1
2855,3835,1
2855,432,1
2855,4426,1
2855,4580,0
2855,4809,0
2855,5649,0
2855,5925,1
2855,6518,0
2855,853,1
2855,863,1
2856,3152,0
2856,4043,1
2856,4776,1
2856,5955,1
2856,7027,0
2856,7059,1
2857,3044,1
2857,3152,1
2857,3497,1
2857,3698,0
2857,422,1
2857,5317,1
2857,7294,0
2857,8009,0
2860,3758,0
2860,4781,0
2860,486,0
2860,5074,0
2860,5588,0
2860,5841,0
2860,6030,1
2860,6189,0
2860,6249,0
2860,6533,0
2860,6828,0
2860,7130,0
2863,3746,1
2863,4179,1
2863,6259,1
2863,6503,0
2884,3488,1
2884,5167,1
2884,5472,0
2884,6788,1
2884,7032,0
2884,7130,0
2884,8018,1
2887,3104,0
2887,3298,0
2887,3832,0
2887,5790,0
2887,6031,1
2887,7203,0
2890,3584,1
2890,3827,1
2890,4179,1
2890,4309,1
2890,5661,1
2890,6788,1
2892,3044,1
2892,3624,1
2892,5703,1
2892,6786,1
2899,2932,0
2899,3246,0
2899,4289,1
2899,4304,1
2899,4333,1
2899,476,1
2899,5472,0
2899,5923,1
2899,6354,0
2899,6472,0
2899,6740,1
2899,6984,0
2899,7433,0
2899,7455,1
2921,3620,0
2921,3680,0
2921,4177,1
2921,4590,1
2932,3481,1
2932,5999,1
2932,6354,1
2932,6780,1
2932,6792,1
2932,7070,1
2933,3220,0
2933,4924,1
2933,5276,0
2933,5744,0
2933,6098,0
2933,6533,0
2933,7130,0
2934,3605,1
2934,5006,0
2934,5531,0
2934,6037,0
2937,3840,1
2937,4882,1
2937,5805,1
2937,5825,1
2937,6522,1
2937,7021,0
2937,723,1
2942,4283,1
2942,4860,1
2942,5768,0
2942,6209,1
2942,6342,1
2944,3040,1
2944,3064,1
2944,3318,1
2945,3133,1
2945,4426,1
2945,4465,1
2945,4818,0
2945,6071,0
2945,734,0
2945,7482,1
2946,3481,1
2946,5432,1
2946,6259,1
2946,6979,1
2946,7150,1
2947,3578,1
2947,4105,1
2947,4903,1
2947,5568,1
2947,5859,1
2962,3057,1
2962,3206,0
2962,3316,1
2962,3712,0
2962,3727,1
2962,4008,0
2962,4300,1
2962,5371,1
2962,5548,0
2962,6117,0
2963,3206,1
2963,3356,1
2963,3440,1
2963,3835,1
2963,3867,1
2963,4256,1
2963,4259,1
2963,5373,1
2965,3653,1
2965,4318,1
2965,4321,1
2965,4524,1
2965,5373,1
2965,5867,1
2965,6408,1
2965,6997,1
2965,7203,1
2965,7458,1
2968,3023,1
2968,3179,1
2968,4298,1
2968,5001,1
2970,3150,0
2970,447,0
2970,5453,0
2970,6534,1
2983,3206,0
2983,3823,1
2983,4105,1
2983,466,1
2983,4823,0
2983,4937,1
2983,5626,1
2983,5775,0
2983,5837,1
2983,7130,1
2983,7255,1
2985,3716,1
2985,3874,0
2985,4297,1
2985,5270,1
2985,723,1
2987,3107,0
2987,4179,1
2987,467,0
2987,4710,1
2987,4971,1
2987,5105,1
2987,5308,1
2987,6245,1
2987,6533,1
2999,3246,1
2999,3309,1
2999,3758,0
2999,4463,0
2999,4738,1
2999,5548,0
2999,5835,0
2999,6615,0
2999,7220,1
3011,3886,1
3011,4289,1
3011,4333,1
3011,4637,0
3011,4776,1
3011,5110,1
3011,5373,1
3013,3137,0
3013,3578,0
3013,3599,0
3013,5006,0
3013,8009,0
3023,3620,0
3023,3874,0
3023,4949,0
3023,5778,0
3023,5865,1
3023,6342,0
3023,6430,0
3023,7014,0
3023,7150,0
3034,3241,0
3034,439,0
3034,4542,1
3034,4723,0
3034,5676,0
3034,7261,1
3040,4164,1
3040,426,1
3040,4283,1
3040,4907,1
3040,5432,0
3040,5458,1
3040,5805,1
3041,4067,1
3041,4556,1
3041,5103,1
3041,5453,0
3041,5511,0
3041,5624,0
3041,5688,0
3041,5820,1
3044,3716,1
3044,5461,0
3044,5617,0
3044,5711,0
3044,5768,0
3044,5963,1
3044,6408,1
3044,6626,1
3044,866,0
3046,3823,1
3046,3987,1
3046,454,0
3046,4591,1
3046,5725,0
3046,5955,1
3046,6361,1
3046,6672,1
3046,6998,0
3046,744,1
3057,3137,1
3057,3158,0
3057,5449,0
3057,5466,1
3057,6164,1
3057,6768,0
3064,3137,1
3064,4253,1
3064,4371,1
3064,5556,1
3064,5856,1
3077,3128,1
3077,3659,0
3077,4099,1
3077,4587,1
3077,5477,1
3077,6408,1
3077,6472,1
3083,3240,1
3083,3629,1
3083,4097,1
3083,5253,0
3083,6253,1
3083,6518,0
3083,7214,0
3084,3659,0
3084,3793,1
3084,5229,1
3084,5315,1
3084,5596,1
3084,6585,1
3084,6857,1
3084,6993,0
3098,3182,1
3098,3317,1
3098,4179,1
3098,4781,1
3098,5418,1
3098,5838,1
3098,7177,1
3098,744,1
3104,3604,1
3104,3677,1
3104,4238,1
3104,4691,0
3104,4830,1
3104,4937,1
3104,7371,1
3104,7489,1
3107,4334,1
3107,5110,1
3109,3142,0
3109,4321,1
3109,4556,1
3109,4587,1
3109,5364,1
3109,5588,0
3109,6259,1
3109,6305,1
3109,6707,1
3109,7252,0
3113,3220,1
3113,3309,1
3113,4300,1
3113,5231,0
3113,5253,0
3113,5688,1
3113,5775,0
3113,7058,1
3113,7308,1
3128,3532,1
3128,3680,0
3128,5721,0
3128,6058,0
3128,6944,0
3128,8020,0
3129,3554,1
3129,4726,0
3129,4769,1
3129,4867,1
3129,5461,0
3129,6828,1
3133,3504,0
3133,3669,1
3133,3680,0
3133,4309,0
3133,8022,0
3134,3378,0
3134,3530,0
3134,3577,1
3134,3664,1
3134,3789,1
3134,4008,0
3134,4590,1
3134,4742,1
3134,5105,1
3134,5617,0
3134,5688,0
3134,6092,1
3134,6253,1
3134,7021,0
3134,7482,1
3137,3669,1
3137,3673,1
3137,3680,0
3137,3782,1
3137,4327,1
3137,4529,1
3137,458,0
3137,5136,1
3137,6497,0
3137,7154,0
3137,723,1
3142,3867,1
3142,4097,1
3142,4637,0
3142,5725,0
3142,5829,0
3142,6636,1
3142,7154,0
3142,7252,0
3143,3253,0
3143,4937,1
3143,5103,1
3143,5418,1
3143,6031,1
3143,6098,0
3150,467,0
3150,5647,1
3150,6067,0
3150,6512,1
3150,7188,1
3152,3698,0
3152,4542,1
3152,4902,1
3152,5688,0
3152,700,1
3158,4518,1
3158,4609,1
3158,5480,1
3158,6212,1
3158,6828,1
3158,7184,1
3158,7460,1
3159,3584,1
3159,4043,1
3159,4333,1
3159,458,0
3159,5477,1
3159,5955,1
3159,5999,1
3159,6361,0
3159,6481,0
3159,6613,0
3179,5493,0
3179,6522,0
3179,6593,0
3179,6979,0
3179,7429,0
3182,3584,1
3182,3835,0
3182,4238,1
3182,4445,0
3182,4566,1
3182,4688,0
3182,5139,1
3182,5367,1
3182,6270,0
3182,6803,0
3182,7486,1
3190,3546,1
3190,6030,1
3192,5736,0
3193,3378,0
3193,4094,1
3193,4253,1
3193,5702,0
3193,7154,0
3206,3372,0
3206,3386,0
3206,3497,1
3206,4661,1
3206,5099,1
3206,6237,0
3206,6814,0
3207,4529,1
3207,5276,0
3207,5371,1
3207,6672,0
3207,7153,0
3207,7371,0
3207,8003,1
3220,3835,1
3220,6503,0
3220,6570,1
3220,6993,0
3225,3508,0
3225,3835,1
3225,4809,0
3225,5087,1
3225,6092,1
3225,7075,1
3225,7295,1
3236,3835,1
3236,4067,1
3236,4708,1
3236,4915,1
3236,5029,1
3236,7220,1
3240,4099,1
3240,476,1
3240,4818,0
3240,4830,1
3240,5315,1
3240,5588,0
3240,6330,0
3240,6615,0
3240,6998,0
3240,7159,0
3240,7390,1
3241,3823,1
3241,4297,1
3241,4635,1
3241,5736,0
3241,5751,1
3241,5805,1
3241,5999,1
3241,6031,1
3241,6615,0
3241,7460,1
3244,3546,1
3244,4295,0
3244,4297,1
3245,4570,1
3245,4623,1
3245,6600,1
3245,740,0
3246,3867,1
3246,5679,0
3246,5790,0
3246,6445,0
3246,8018,1
3248,4809,0
3248,486,0
3248,5371,1
3248,5453,0
3248,5686,0
3248,6609,0
3248,7332,1
3248,7458,1
3253,4860,1
3253,4953,1
3253,5330,1
3253,5407,0
3253,5626,1
3253,5926,1
3253,6117,0
3253,6245,1
3253,6599,1
3253,6636,1
3253,6663,0
3253,7177,0
3253,7308,1
3254,3886,1
3254,3903,1
3254,4067,1
3254,5648,0
3254,6277,1
3254,6834,1
3254,7214,0
3254,7329,1
3269,454,0
3269,4570,1
3269,4999,1
3269,5027,1
3269,5315,1
3269,5340,0
3269,6071,0
3269,6472,1
3273,5284,0
3273,8008,0
3298,3605,1
3298,4097,1
3298,5511,0
3298,5725,0
3298,6823,0
3298,7162,0
3298,7255,1
3309,4776,1
3309,5315,1
3309,5754,0
3309,6522,1
3309,7189,1
3309,7235,1
3316,6593,1
3316,7014,0
3316,7236,1
3317,3431,1
3317,3440,0
3317,3555,0
3317,4071,1
3317,7362,1
3318,4851,1
3318,5136,1
3318,5661,1
3318,5725,0
3318,6277,0
3318,6643,1
3318,8022,0
3318,866,1
3356,3816,1
3356,5251,1
3356,5457,1
3356,5856,1
3369,3381,1
3369,3458,1
3369,3659,0
3369,4259,1
3369,4274,1
3369,4309,1
3369,5520,1
3369,6223,1
3369,744,1
3372,3555,1
3372,4283,1
3372,4937,1
3372,5168,1
3372,5692,1
3372,5729,0
3372,6212,1
3372,6323,1
3372,6656,1
3372,6716,1
3372,7332,1
3376,3386,0
3376,4999,1
3376,5472,0
3376,5686,0
3376,6585,1
3376,7083,0
3376,734,1
3376,737,1
3378,3465,1
3378,4463,1
3378,4691,0
3378,5432,1
3378,5588,0
3378,6430,1
3378,7181,0
3378,8020,0
3381,4672,0
3381,4701,1
3381,5408,0
3381,5942,1
3381,6857,1
3381,6979,0
3381,7362,1
3386,4445,0
3386,5923,1
3386,6098,1
3386,6212,1
3386,6249,1
3386,6298,1
3386,6761,1
3386,6882,0
3386,740,0
3398,3716,1
3398,3840,1
3398,3867,1
3398,4556,1
3398,5038,1
3398,5238,0
3398,5865,1
3398,6788,1
3398,6877,0
3420,4094,1
3420,4179,1
3420,431,1
3420,5006,1
3420,5214,1
3420,5684,1
3420,5686,0
3420,5689,1
3420,6979,1
3431,3727,1
3431,4099,1
3431,4608,1
3431,4830,1
3431,5865,1
3431,6264,0
3431,6593,1
3431,6814,0
3431,6834,1
3431,7017,1
3431,737,1
3431,7429,1
3434,4380,1
3434,447,1
3434,4927,1
3434,5866,1
3440,3584,1
3440,4334,1
3440,5548,0
3440,6110,1
3440,6576,1
3440,6663,0
3458,3612,1
3458,3707,1
3458,4585,1
3458,4710,0
3458,4769,1
3458,5548,0
3458,6408,1
3458,6768,0
3458,7062,1
3458,8022,0
3465,3840,1
3465,4113,1
3465,4306,1
3465,5667,0
3465,5955,1
3465,6533,1
3465,7075,1
3474,3867,1
3474,4289,1
3474,4566,1
3474,5238,1
3474,6323,1
3474,6786,1
3474,7482,1
3474,866,1
3481,5736,0
3481,7269,1
3481,742,0
3488,3581,0
3488,413,1
3488,4518,1
3488,4818,1
3488,5006,1
3488,5105,1
3488,6037,1
3488,6111,1
3489,4456,1
3489,5370,1
3489,5511,1
3489,6098,1
3489,7261,1
3492,3668,0
3492,5368,1
3492,5499,0
3492,6348,0
3497,3815,0
3497,4362,1
3497,6037,1
3497,7269,1
3504,3653,1
3504,6979,0
3504,7203,0
3504,7482,1
3508,5445,0
3508,5537,0
3508,5725,0
3508,5805,1
3508,5928,1
3508,6164,1
3521,4295,1
3521,432,1
3521,4672,1
3521,4708,1
3521,4738,1
3521,5999,1
3521,6237,0
3521,6656,1
3521,6780,0
3521,6834,1
3521,7455,1
3521,8030,1
3530,4999,1
3530,5074,1
3530,7475,1
3532,3586,1
3532,4426,1
3532,5162,1
3532,6235,0
3532,6792,0
3532,744,0
3546,4067,1
3546,5155,1
3554,5957,1
3554,6580,0
3554,6669,1
3554,6754,0
3554,6792,0
3554,7210,1
3555,3867,1
3555,3875,1
3555,6430,1
3555,6503,1
3555,6534,1
3555,737,1
3563,3692,1
3563,3707,1
3563,5407,0
3563,5648,0
3563,6030,1
3563,6318,1
3563,7220,1
3575,3716,1
3575,4380,0
3575,6110,0
3575,7294,0
3577,5290,0
3577,5829,0
3577,7489,0
3577,894,0
3578,4553,0
3578,5688,0
3578,5702,0
3578,6091,1
3578,6181,0
3578,6877,0
3578,7146,1
3580,4318,1
3580,5729,0
3580,6730,1
3580,737,1
3581,4205,1
3581,4586,0
3581,4953,1
3581,5461,0
3581,5729,1
3581,6264,0
3581,6318,1
3581,6803,1
3581,6859,1
3581,6909,1
3581,6944,1
3581,723,1
3584,3712,0
3584,4008,0
3584,4289,1
3584,4672,0
3584,5515,0
3584,5925,0
3584,7059,1
3584,7154,0
3586,4102,1
3586,4139,1
3586,422,0
3586,4823,0
3586,6991,0
3586,6997,1
3586,7425,1
3599,5231,0
3599,5251,1
3599,5805,0
3599,6848,1
3599,7261,0
3599,881,0
3604,3664,1
3604,4364,1
3604,4639,0
3604,4882,1
3604,5925,0
3604,6189,0
3604,6264,0
3604,8030,1
3604,858,1
3605,3629,0
3605,3835,0
3605,5027,1
3605,5432,0
3605,6877,0
3605,7332,0
3612,5231,0
3612,5480,0
3612,5661,0
3612,6091,1
3612,6636,0
3612,6789,0
3620,4535,1
3620,5373,0
3620,5963,1
3620,6394,0
3620,7455,1
3624,4542,1
3624,4672,1
3624,4691,0
3624,4949,1
3624,5317,1
3624,5515,0
3624,6915,1
3629,4849,1
3629,4859,1
3629,5979,1
3629,6554,1
3629,6920,0
3629,700,1
3629,7469,1
3637,4609,1
3637,6354,1
3637,6604,1
3637,6668,1
3653,5073,1
3653,5925,0
3654,4334,0
3654,5458,1
3654,5957,1
3654,6110,1
3654,6237,0
3654,6823,0
3659,3782,1
3659,5679,0
3659,5837,1
3659,6576,1
3659,6789,1
3664,6349,0
3664,6402,0
3664,6943,0
3668,4333,1
3668,444,0
3669,4851,1
3669,4907,1
3669,5561,0
3669,6512,0
3669,6554,0
3669,6716,0
3669,863,0
3671,6237,0
3673,3903,1
3673,4814,0
3673,5371,1
3673,5736,0
3673,5825,1
3673,6979,0
3673,8018,1
3677,4566,1
3677,5276,0
3677,5364,0
3677,5703,0
3677,5937,0
3677,6609,0
3677,6823,0
3677,7058,0
3680,4295,1
3680,5001,1
3680,5484,1
3680,5520,1
3680,6481,0
3680,7203,1
3681,5520,0
3681,5989,1
3681,6497,0
3681,7083,0
3681,7188,0
3681,7475,0
3682,3789,0
3682,4259,1
3682,4283,1
3682,5105,1
3682,7393,1
3682,7460,1
3689,6223,1
3691,5388,1
3691,6984,0
3691,7414,1
3692,6117,0
3692,6626,1
3692,6887,0
3692,7299,1
3698,3727,1
3698,3903,1
3698,4179,1
3698,4814,1
3698,4903,1
3698,5136,1
3698,5370,1
3698,7177,1
3698,8009,1
3702,4179,1
3702,4309,0
3702,4398,0
3702,5692,0
3702,5711,0
3702,5928,0
3702,6585,0
3702,7210,0
3707,4580,0
3707,5001,1
3707,5232,0
3707,5684,0
3707,6496,0
3707,6500,0
3707,6754,0
3707,7146,1
3712,4661,1
3712,6481,0
3712,6585,1
3712,6984,0
3716,4566,1
3716,4587,0
3716,5073,1
3716,5099,0
3716,5859,0
3716,5880,1
3716,6593,0
3716,7059,1
3716,7109,0
3727,5168,1
3746,3874,0
3746,4205,0
3746,4295,0
3746,6291,0
3746,7130,0
3757,486,0
3757,6098,1
3757,6349,0
3757,6663,0
3758,4179,1
3758,4259,1
3758,4445,1
3758,4566,1
3758,5038,1
3758,5461,0
3758,5649,0
3758,6212,1
3758,6221,1
3758,6604,1
3758,6814,1
3758,6823,0
3758,6887,1
3758,6944,1
3782,3889,0
3782,4333,1
3782,4708,1
3782,4882,1
3782,5778,0
3782,5923,1
3782,6893,0
3784,3886,1
3784,5276,0
3784,5388,1
3784,5751,0
3784,6887,0
3789,3987,0
3789,458,0
3789,4639,0
3789,5006,1
3789,5074,0
3789,5238,0
3789,6834,0
3789,6893,0
3789,7153,0
3789,740,0
3793,4205,1
3793,4321,0
3793,4818,0
3793,6405,1
3793,6997,0
3793,744,1
3793,7482,1
3815,4937,1
3815,6585,1
3815,7235,1
3815,7249,1
3815,8022,0
3815,863,0
3816,458,0
3816,4907,1
3816,5923,1
3816,6893,1
3823,413,1
3823,4566,1
3823,4903,0
3823,5029,1
3823,5173,1
3823,5588,0
3823,5624,0
3823,5866,1
3823,6997,0
3827,4524,1
3827,6408,1
3827,7362,1
3832,4327,1
3832,476,1
3832,5314,0
3832,5340,0
3832,5623,0
3832,5928,1
3832,7255,1
3835,4700,1
3835,5721,0
3835,5942,1
3835,6604,1
3840,4295,0
3840,4823,0
3840,6113,0
3840,702,0
3840,713,0
3843,4067,1
3843,4635,0
3843,4637,0
3843,4781,0
3843,5136,1
3843,5155,1
3843,7324,1
3867,3891,0
3867,4953,1
3867,5367,1
3867,5725,0
3867,6893,0
3867,7311,1
3874,5073,1
3874,5169,1
3874,5692,0
3874,6318,1
3874,742,1
3875,4219,1
3875,4463,0
3875,5817,0
3875,7154,0
3886,4318,1
3886,4906,1
3886,6707,1
3886,7161,0
3886,7390,1
3889,4259,1
3889,466,1
3889,4982,1
3889,5815,1
3889,5999,1
3889,6298,1
3889,6795,1
3891,4238,1
3891,432,0
3891,5099,0
3891,5251,1
3891,5373,1
3891,5472,0
3891,6496,0
3900,4113,1
3900,4769,1
3900,5169,1
3900,6993,0
3903,4304,1
3903,4371,0
3903,5835,0
3903,7080,0
3903,7162,0
3903,8030,0
3987,4609,1
3987,4949,1
3987,7213,0
3987,7362,1
3996,4445,0
3996,5270,1
3996,6439,1
3996,7032,0
3996,7156,0
3996,7221,1
4008,4398,1
4008,5531,0
4008,5641,0
4008,6965,1
4008,7329,1
4008,748,1
401,413,1
401,4867,1
401,5623,0
401,5867,1
401,6323,1
401,6893,0
401,881,0
4043,5371,1
4043,5445,0
4043,5453,0
4043,6348,0
4043,7310,1
4051,4566,1
4051,4580,1
4051,5368,1
4051,5679,0
4051,5754,0
4051,5934,1
4051,6235,1
4051,6707,1
4051,6965,1
4051,7299,1
4067,4334,0
4067,4629,0
4067,5168,1
4067,5253,0
4067,5648,0
4067,5928,0
4067,6522,0
4067,6600,0
4067,6965,0
4067,7236,0
4067,7249,1
4071,6259,0
4071,7460,1
4094,5537,0
4094,5815,0
4097,4822,0
4097,5006,1
4099,4113,1
4099,5290,0
4099,8009,0
4102,5837,1
4102,6715,0
4102,742,0
4105,5276,0
4105,6298,1
4105,7433,0
4105,744,0
4113,4164,1
4113,5167,1
413,4306,0
413,4688,0
413,4906,1
413,5253,0
413,7109,1
413,7204,0
4139,4553,0
4139,4769,0
4139,5001,1
4139,5942,1
4139,6037,1
4139,7295,1
4139,737,0
4139,7482,1
4164,4219,1
4164,4586,0
4164,4723,1
4164,6780,0
4164,6979,1
4177,5167,1
4177,6253,1
4177,6394,1
4177,7278,0
4177,7433,0
4179,4556,1
4179,5515,0
4179,5561,0
4179,6748,0
4205,5667,0
4205,6640,0
4205,7146,1
4205,7278,0
4219,6318,1
4219,6497,0
422,4535,1
422,5169,1
422,5841,1
422,6859,1
422,7354,1
4238,5751,0
4238,6604,1
4238,6820,0
4238,6887,0
4238,6943,0
4238,7142,0
4253,4464,1
4253,4608,1
4253,5768,0
4253,6609,0
4253,6882,0
4256,4635,1
4256,5493,0
4256,5934,1
4256,6092,1
4256,7308,1
4259,4309,0
4259,5027,1
4259,5418,1
4259,7156,0
426,5758,0
426,6092,1
426,6330,0
426,6512,1
426,6887,0
4274,5230,0
4274,5388,1
4274,5418,1
4274,6117,0
4274,6669,0
4274,6943,0
4283,6249,0
4283,6270,0
4283,6882,0
4283,7188,0
4283,7429,0
4289,4297,1
4289,4321,0
4289,5308,0
4289,5418,1
4289,5511,0
4295,4802,1
4295,6716,0
4295,7311,1
4297,5461,0
4297,5805,0
4297,5829,0
4297,6472,0
4297,7469,1
4298,4903,0
4298,6658,0
4298,6829,0
4298,7235,1
4300,5099,0
4300,5458,0
4300,5531,0
4300,5561,0
4300,5837,1
4300,5926,1
4300,6707,0
4300,6993,0
4300,7150,0
4300,7362,1
4300,8022,0
4304,4570,1
4304,5001,1
4304,5027,1
4306,4464,1
4306,6228,1
4306,6882,0
4306,7076,1
4309,5340,0
4309,6965,1
4309,7264,1
431,5027,1
431,6163,0
4318,4456,0
4318,5440,1
4318,5556,0
432,4333,1
432,4776,1
432,4851,1
432,5499,0
432,7156,0
432,858,1
4321,4566,1
4321,5289,1
4321,5520,1
4321,6496,0
4321,6623,1
4321,7177,0
4321,866,0
4327,4591,1
4327,6658,0
4333,4364,0
4333,4924,1
4333,4999,1
4333,5231,0
4333,5736,0
4333,5815,0
4333,5942,1
4333,6245,1
4333,6786,0
4333,6946,0
4333,6997,0
4333,7021,0
4334,4859,1
4334,4915,1
4334,5087,1
4334,5230,0
4334,5499,0
4334,6349,1
4334,6479,1
4334,6496,0
4334,7180,1
4351,4849,0
4351,4949,1
4351,5729,0
4351,5736,0
4351,5942,1
4351,6288,1
4351,6298,1
4351,6516,0
4351,7311,1
4362,4691,0
4362,4710,0
4362,6062,0
4362,6318,1
4364,5168,1
4364,5449,0
4364,5820,1
4364,5865,1
4364,6323,1
4364,6479,1
4364,7070,0
4364,7189,1
4371,4591,1
4371,486,0
4371,6829,1
4371,6980,0
4371,7058,1
4380,5472,0
4380,5937,0
4380,6593,0
4380,6608,0
439,4892,1
439,5790,0
439,5820,1
439,6318,1
439,6342,1
439,6533,1
439,7142,1
4398,4542,1
4398,4635,1
4398,5242,1
4398,5648,0
4398,5721,0
4398,5820,1
4398,5825,1
4398,6915,1
4398,702,1
4426,4691,0
4426,6455,0
4426,6893,0
4426,7150,0
444,4701,1
444,4814,0
444,5169,1
444,5515,0
444,6098,1
444,6110,1
444,6613,1
444,6623,1
444,731,1
4445,6111,1
4445,7058,1
4445,7311,1
4445,734,1
4456,4949,1
4456,5110,1
4456,5368,1
4456,5641,0
4456,5876,1
4456,6789,1
4456,6803,1
4456,7192,0
4463,5105,1
4463,5745,0
4463,6529,1
4463,6859,0
4463,7249,1
4464,4487,0
4464,5106,1
4464,6512,1
4465,5162,1
4465,5314,0
4465,5866,1
4465,6481,0
4465,7032,0
4465,7249,1
4465,7362,1
447,4688,0
447,5038,0
447,5214,1
447,5667,0
447,6668,1
447,7390,1
4470,5561,1
4470,6209,1
4470,6223,1
4487,4639,0
4487,5723,0
4487,6058,1
4487,6163,0
4487,6663,0
4487,7017,0
4487,7455,1
4518,5074,0
4518,5432,0
4518,6071,0
4518,7371,0
4524,6643,1
4524,7203,1
4524,7414,1
4529,4818,0
4529,5688,0
4529,5923,0
4529,5942,0
4535,4708,1
4535,6834,0
4535,6997,0
4535,748,0
454,5445,1
454,5989,1
454,7070,1
454,7455,1
4542,6092,0
4542,6715,0
4542,6795,1
4553,6991,0
4553,7032,1
4553,7189,1
4556,4781,0
4556,5230,0
4556,5999,1
4556,6067,0
4556,6302,0
4556,6323,1
4556,6730,1
4556,7192,0
4556,867,0
4566,4587,0
4566,4809,0
4566,5068,1
4566,5230,0
4566,5744,0
4566,6110,0
4566,6249,0
4566,7181,0
4570,5099,0
4570,5408,0
4570,5461,0
4570,5648,0
4570,5865,1
4570,6599,0
4570,7080,0
4570,8008,0
4578,5167,1
4578,6318,1
4578,6613,0
4578,7483,1
458,5106,1
458,5110,1
458,5290,0
458,5711,0
458,5925,1
458,6092,1
458,7177,0
458,742,1
4580,5407,1
4580,5725,0
4580,5775,0
4580,6342,1
4580,894,1
4585,4882,0
4585,4906,1
4585,5162,1
4585,5588,0
4585,5667,0
4585,5865,1
4585,6788,0
4585,7475,0
4586,5647,1
4586,5963,1
4586,6943,0
4586,7142,1
4586,7299,1
4587,4608,1
4587,4953,1
4590,479,1
4590,4906,1
4590,5556,0
4591,5778,0
4591,6058,1
4608,6305,1
4608,6330,0
4608,6979,1
4609,5038,0
4609,5073,1
4609,5649,0
4609,6273,1
4609,700,0
4623,5649,0
4629,4809,0
4629,5289,1
4629,5979,1
4629,6503,0
4635,476,1
4635,4949,1
4635,5790,0
4635,6037,1
4635,6516,0
4635,7083,0
4637,6512,1
4637,7017,1
4639,5136,1
4639,5466,1
4639,6394,1
4639,734,1
4639,7390,1
4639,7405,1
4639,858,1
466,4769,1
466,5647,1
466,744,1
4661,4769,1
4661,5408,0
4661,5493,0
467,5624,1
467,5744,1
467,7162,1
4672,4949,1
4672,4999,1
4672,6533,0
4672,6754,0
4672,6920,0
4672,7255,1
4688,5139,1
4688,6036,1
4688,6394,1
4688,6754,1
4688,863,1
4691,5480,1
4691,6317,1
4691,6503,1
4691,6668,1
4691,7014,0
4691,7362,1
4700,5110,1
4700,5168,1
4700,5231,0
4700,5817,0
4700,6164,0
4700,6608,0
4700,7261,0
4700,7332,0
4701,5493,0
4701,5928,0
4701,6111,0
4701,6518,0
4701,7032,0
4701,7192,0
4708,5432,0
4708,6609,0
4710,7156,0
4710,7332,0
4710,7371,0
4723,5136,1
4723,5173,1
4723,6658,1
4723,7076,1
4726,4867,1
4726,5276,0
4726,5315,1
4726,5829,0
4726,6882,0
4726,7236,1
4726,7332,0
4738,5466,0
4738,5937,0
4738,5963,1
4738,6455,0
4738,6600,1
4738,6608,0
4738,7332,0
4742,4830,1
4742,6823,0
4749,4809,0
4749,5626,0
4749,5648,0
4749,6223,1
4749,6518,0
4749,6803,0
4749,7014,0
4749,8009,0
476,5515,0
4769,5703,0
4769,6117,0
4769,7252,0
4769,740,0
4776,5270,0
4776,6270,0
4776,6302,1
4776,7299,1
4781,6408,1
4781,6792,0
479,4892,0
479,7189,1
4802,5173,1
4802,6669,0
4802,6893,0
4809,5253,0
4809,5744,1
4809,5778,0
4809,6715,1
4809,7027,0
4814,5317,1
4814,5934,1
4814,6516,1
4814,6998,0
4814,7405,1
4814,894,1
4818,5253,0
4818,5955,1
4818,894,0
4822,5110,1
4822,5778,0
4822,700,0
4822,7142,1
4823,5725,1
4823,6067,1
4823,7294,0
4823,737,1
4830,5044,1
4830,5305,1
4830,6163,0
4830,6795,1
4849,6272,1
4849,6500,0
4849,6658,1
4851,5087,0
4851,5466,0
4851,5499,0
4851,5805,0
4851,6580,0
4851,6716,0
4859,5308,1
4859,5867,1
4859,5957,1
4859,6533,0
4859,6795,1
4859,7027,0
486,6516,1
486,6820,1
486,6915,1
486,7252,0
486,8018,1
4860,5624,0
4860,7294,0
4860,867,1
4867,5029,0
4867,5251,1
4867,5445,0
4867,748,0
4882,5805,1
4882,5815,0
4882,6058,1
4882,7139,1
4882,7221,1
4892,5251,1
4892,6820,0
4892,7362,1
4902,5044,1
4902,5284,0
4902,6405,1
4903,6604,1
4903,7213,0
4903,7311,1
4906,5192,1
4906,5817,0
4906,6062,0
4906,6349,0
4906,6643,1
4906,7159,0
4906,7486,1
4907,4924,1
4907,4982,1
4907,5253,0
4907,5736,0
4907,6663,0
4907,867,0
4915,4999,1
4915,6991,0
4915,7161,0
4924,6264,0
4924,6439,0
4924,6686,0
4924,6909,0
4924,6911,0
4924,6997,0
4927,5817,0
4927,5979,1
4927,6091,1
4927,6626,1
4927,6944,1
4927,7014,0
4927,7062,1
4927,7371,0
4927,740,0
4937,6497,0
4937,6979,0
4937,7235,1
4937,7329,0
4949,6707,1
4949,7014,0
4949,7299,1
4953,5457,0
4953,6111,0
4953,6235,0
4953,6716,0
4953,6786,0
4953,7083,0
4971,5856,1
4971,6277,0
4971,7299,1
4982,5191,1
4982,5493,0
4982,5790,0
4982,6887,0
4982,7213,0
4998,6585,0
4998,7204,0
4998,853,0
4999,7181,0
4999,731,0
5001,6408,1
5001,6500,0
5001,6608,0
5001,6636,1
5006,5253,0
5006,5775,0
5006,6479,1
5006,6789,1
5027,5270,0
5027,6270,0
5027,6455,0
5027,6503,0
5029,5314,0
5029,7159,0
5029,7405,1
5038,5155,1
5038,5440,1
5038,5744,0
5038,6318,1
5038,6522,1
5044,5686,0
5044,5745,0
5044,5768,0
5044,8008,0
5046,5192,1
5046,5711,0
5046,5815,0
5046,6117,0
5046,7475,0
5068,5418,1
5068,5926,1
5073,5155,1
5073,6768,0
5073,6788,0
5073,734,0
5073,7354,0
5073,7489,0
5074,5596,1
5074,6117,0
5074,6748,1
5087,6394,1
5087,6814,0
5087,7310,1
5087,734,0
5099,5999,1
5099,6636,1
5099,6754,0
5099,867,0
5099,895,0
5103,5837,1
5103,6518,0
5103,7486,1
5105,5110,1
5105,5238,0
5105,5242,1
5105,5867,1
5105,6857,1
5106,5458,0
5106,5480,0
5106,6394,0
5106,6445,0
5106,700,0
5106,7083,0
5106,748,0
5110,5942,1
5110,6795,1
5110,6979,1
5136,6067,0
5139,5942,1
5143,5457,0
5143,7213,0
5143,858,0
5155,5252,0
5155,5676,0
5162,5623,0
5162,5835,0
5162,5942,1
5162,6270,0
5162,7255,1
5162,748,0
5167,5276,0
5167,5284,0
5167,5955,0
5167,6829,0
5168,5418,1
5168,5466,0
5168,5531,0
5169,5515,0
5169,5829,0
5169,6394,0
5169,723,1
5173,5230,0
5173,6497,0
5191,5624,0
5191,5745,0
5191,7255,1
5191,7425,1
5192,7021,0
5192,7161,0
5214,5229,0
5214,5458,1
5214,6623,1
5214,7475,0
5229,5457,0
5229,5859,1
5229,6915,1
5230,6189,1
5230,6288,1
5230,6991,0
5230,7177,0
5230,7308,1
5230,7477,1
5231,5252,1
5231,6189,1
5231,7269,1
5231,7429,1
5232,6820,1
5232,7059,1
5232,7332,1
5233,5330,1
5233,5942,1
5233,6092,1
5233,6402,1
5233,6669,1
5233,6792,0
5233,7070,1
5233,723,1
5238,6803,1
5242,6716,0
5242,8008,0
5242,895,0
5251,6021,0
5252,5493,0
5252,5778,0
5252,6348,0
5252,744,1
5252,7455,1
5252,7458,1
5253,5568,1
5253,5841,1
5253,5926,1
5253,702,1
5253,7156,1
5270,5689,0
5270,6302,0
5276,5999,1
5276,6317,1
5276,6479,1
5284,5289,1
5284,5676,0
5284,6803,1
5284,7156,0
5289,5754,0
5289,7240,1
5290,5330,1
5305,6111,0
5305,6716,0
5305,7218,0
5305,7489,1
5308,6828,0
5308,7278,0
5314,6181,1
5314,6189,1
5315,5568,0
5315,6609,0
5315,7483,1
5317,744,1
5330,5955,0
5330,6113,0
5330,6354,1
5330,7076,1
5340,6318,1
5340,6405,1
5340,6829,1
5364,5928,1
5364,6600,1
5364,7017,1
5364,7261,1
5364,7311,1
5364,7329,1
5368,5596,0
5368,5617,0
5368,5928,0
5368,6979,0
5370,5531,0
5370,5725,0
5371,5838,1
5371,742,0
5373,5568,0
5373,6445,0
5388,5744,0
5388,7159,0
5388,7162,0
5388,8008,0
5407,6277,1
5408,5458,1
5408,7181,0
5408,7220,1
5408,7332,1
5408,867,1
5418,5661,0
5418,5867,1
5418,6402,1
5418,6887,0
5432,5472,0
5432,6789,1
5440,5649,0
5440,6472,0
5440,6823,0
5445,6037,1
5445,6117,1
5445,6212,1
5445,6516,1
5445,6715,1
5445,7294,1
5449,6636,1
5453,5466,1
5453,5703,0
5453,6212,1
5453,6235,1
5457,5617,1
5457,6221,1
5457,6533,1
5457,6640,1
5458,5515,0
5458,6212,1
5458,6273,0
5458,7150,0
5461,5865,1
5461,7311,1
5461,7483,1
5466,7213,0
5472,6021,1
5472,6716,1
5472,6911,1
5472,6920,1
5472,7130,1
5477,5781,0
5480,6669,1
5480,7083,1
5480,7278,1
5484,5520,0
5484,6980,0
5493,5626,1
5493,5641,1
5493,6189,1
5493,7295,1
5493,8009,0
5493,8022,1
5499,5568,1
5499,5692,1
5511,5876,1
5511,5923,1
5511,7059,1
5515,5837,1
5515,5942,1
5515,6110,1
5515,7240,1
5515,737,1
5520,5880,1
5520,6859,0
5520,7269,1
5531,6349,1
5531,7252,0
5537,5702,1
5537,6092,1
5537,7159,1
5537,7460,1
5548,7210,1
5556,6098,1
5556,6608,1
5561,5686,0
5561,5925,1
5561,6740,1
5561,6943,0
5561,7405,1
5568,6348,1
5568,7062,1
5568,7162,1
5588,7475,1
5596,6361,0
5596,7269,1
5617,6164,1
5617,7405,1
5617,858,1
5620,5703,0
5620,5856,0
5620,723,1
5620,7329,0
5623,5768,0
5623,5829,1
5623,8020,0
5624,5721,0
5624,5880,1
5624,6291,1
5626,7161,1
5626,7210,1
5626,7261,1
5641,6820,0
5641,7181,0
5641,7236,1
5647,6820,0
5648,6111,1
5648,6209,1
5649,5820,1
5649,6829,1
5661,5703,0
5661,6991,0
5661,744,0
5661,7455,1
5667,5723,1
5667,6154,1
5667,6209,1
5667,6330,1
5667,6768,1
5676,6402,1
5676,6730,1
5676,6944,1
5679,6163,1
5679,7192,1
5679,7213,1
5684,6472,1
5684,6748,1
5684,6920,1
5684,7075,1
5684,7159,0
5686,6518,1
5686,7218,1
5688,6330,1
5688,6857,1
5688,7159,1
5689,5815,1
5689,5955,1
5689,6455,1
5689,6823,0
5689,6887,1
5692,5925,1
5692,6533,1
5692,6585,1
5692,6623,1
5692,6672,1
5692,6859,1
5692,7405,1
5702,5817,1
5702,6221,1
5702,6237,0
5702,6716,1
5702,7142,1
5703,6037,1
5711,5841,1
5721,6030,1
5721,6604,1
5723,5856,1
5723,8003,1
5725,5937,1
5725,6882,0
5725,6944,1
5725,7261,1
5729,7371,1
5729,7483,1
5736,6754,1
5736,7027,1
5736,7261,1
5736,7329,1
5744,5775,0
5745,5751,1
5745,895,1
5751,5928,1
5751,6663,0
5754,6098,1
5754,6613,1
5758,6058,1
5758,6223,1
5758,7181,1
5768,6154,1
5768,6623,1
5768,6980,1
5768,7189,1
5768,7460,1
5775,5829,1
5775,6249,1
5775,881,1
5778,6613,1
5778,6615,1
5778,7154,1
5781,6091,1
5781,6223,1
5781,6500,0
5781,6820,0
5781,7371,1
5790,6318,1
5790,6354,1
5790,6669,1
5790,6786,1
5790,8030,1
5790,867,1
5805,6223,1
5805,7161,0
5815,6496,1
5815,6768,1
5815,6965,1
5817,6342,1
5820,6111,0
5820,6348,0
5820,6748,0
5820,6991,0
5829,6235,1
5829,6348,1
5829,6516,1
5829,6672,1
5829,6792,1
5835,6111,1
5835,6317,1
5835,6848,1
5838,6221,1
5841,7308,1
5856,6235,1
5856,6302,1
5856,6430,1
5856,7278,0
5858,6349,0
5865,6533,0
5865,6640,0
5865,7189,1
5866,5963,1
5866,6608,0
5866,6795,1
5867,6181,0
5867,713,1
5867,7181,0
5880,6272,0
5923,6512,0
5923,6608,0
5925,6779,0
5925,7324,1
5925,7433,0
5926,5937,0
5926,6264,0
5928,6071,0
5928,6209,1
5928,6354,1
5928,6518,0
5928,6686,0
5928,7070,0
5934,6915,0
5934,7083,0
5937,7027,0
5937,7405,1
5942,5989,1
5942,6209,1
5942,6394,0
5942,6496,0
5942,6997,0
5942,7332,0
5942,7405,1
5955,6786,0
5963,6754,0
5963,7477,0
5979,6058,0
5979,6349,0
5989,6570,0
5999,6643,1
5999,6834,0
5999,7076,1
6021,7278,0
6030,7162,0
6030,7425,0
6031,7252,0
6031,7332,0
6036,6795,1
6036,7218,0
6037,6668,1
6037,6730,1
6058,6111,1
6058,6554,1
6058,7058,1
6062,6154,1
6062,6253,1
6062,6503,1
6062,6730,1
6062,7161,1
6091,6273,0
6091,6640,1
6091,6882,0
6092,6599,1
6092,7475,1
6098,6348,0
6098,6615,0
6098,7405,1
6098,858,1
6110,6111,1
6110,6998,0
6110,700,0
6111,6609,0
6111,7235,1
6113,7362,1
6113,7371,1
6113,7405,1
6117,6984,1
6117,744,1
6154,6748,0
6154,853,1
6163,6748,1
6164,6585,1
6164,6643,1
6164,6859,1
6189,6715,0
6189,6820,0
6189,7059,1
6189,723,1
6201,7294,1
6201,7311,1
6201,7477,1
6209,7482,1
6212,7032,0
6223,6786,0
6223,8018,0
6228,6716,0
6228,6980,0
6228,7249,1
6235,6909,0
6235,7269,1
6235,8022,0
6237,6249,1
6237,6814,0
6245,6405,1
6245,7076,1
6249,6342,0
6249,6554,0
6249,6882,0
6249,7210,0
6249,7482,1
6253,6259,0
6253,6554,0
6253,6686,0
6253,7075,0
6259,6264,0
6259,6779,0
6264,6342,1
6264,713,1
6264,7153,0
6264,7235,1
6270,6780,1
6270,7070,1
6270,7469,1
6272,6512,1
6273,6394,0
6273,7213,0
6273,7252,0
6277,6583,1
6277,7032,0
6288,6609,0
6291,6445,0
6291,7070,0
6298,6848,1
6302,867,0
6305,6686,0
6317,7329,0
6323,6534,1
6330,7180,1
6330,7235,1
6330,7255,1
6330,7393,1
6330,7460,1
6330,748,1
6342,6893,0
6342,6998,0
6348,6828,1
6361,6447,0
6361,6500,0
6361,7425,1
6361,8003,1
6402,6481,0
6402,6604,1
6402,6640,0
6402,6779,0
6402,7014,0
6405,6599,0
6405,6943,0
6405,7189,0
6405,7213,0
6405,723,0
6405,8030,0
6408,7177,0
6408,744,0
6430,6481,0
6430,7014,0
6439,6512,1
6447,6533,1
6447,6893,0
6472,858,1
6479,6580,0
6479,6583,1
6479,6780,0
6479,7252,0
6481,6748,1
6481,6828,1
6481,7486,1
6496,713,1
6496,7252,0
6496,7264,1
6496,740,0
6496,7475,1
6496,895,1
6497,6570,1
6497,6600,1
6500,7017,1
6518,6814,0
6518,748,1
6518,7486,1
6522,7192,0
6529,6979,1
6529,7371,0
6529,7390,1
6533,7221,1
6534,6991,0
6534,7269,1
6554,6823,0
6554,7218,0
6576,7109,1
6576,7310,1
6580,7156,0
6580,7425,1
6585,6663,0
6585,7235,1
6585,7429,1
6599,7181,0
6599,7278,0
6600,6789,0
6600,7181,0
6604,6814,0
6604,7425,1
6608,6715,0
6608,6828,1
6608,7458,1
6608,8009,0
6609,6915,1
6609,6946,0
6609,7162,1
6609,895,1
6613,6979,1
6615,706,1
6615,7354,1
6623,7159,0
6626,7477,1
6636,6848,1
6636,7032,0
6640,7455,1
6643,7236,0
6656,6795,1
6656,6828,1
6656,7204,0
6656,7308,1
6663,7014,0
6668,7489,0
6668,858,1
6669,7070,0
6672,6848,1
6672,7255,1
6740,7181,0
6748,6909,0
6754,7249,1
6761,7027,0
6761,7204,0
6779,713,1
6780,6789,1
6780,744,1
6786,6795,1
6788,6857,1
6788,6984,0
6789,7214,0
6789,7240,1
6789,7414,1
6789,7433,0
6792,7218,1
6792,7252,0
6792,8003,1
6795,7475,0
6803,7299,1
6814,6979,1
6814,7021,0
6814,7354,1
6814,737,1
6823,6965,1
6829,6944,1
6857,8018,0
6859,7220,1
6877,748,1
6887,894,1
6909,7058,1
6911,8003,1
6911,894,0
6915,6965,0
6915,6993,0
6920,6998,0
6943,7214,0
6944,7083,0
6944,713,1
6965,7142,1
6965,7154,0
6979,7159,0
6979,7310,1
6984,7486,1
6993,7159,1
6997,7181,0
700,7146,1
700,8020,0
7014,7027,1
7014,7204,1
7014,7329,1
7014,7390,1
7017,7070,0
7017,858,1
702,7027,0
7027,7142,1
7032,744,1
7058,866,0
7059,7354,1
706,7154,0
7062,7156,0
7062,7362,1
7070,7075,1
7080,7235,1
713,7299,1
7130,7203,0
7130,7354,1
7146,7192,0
7150,7184,1
7153,7433,1
7154,7393,1
7156,723,1
7159,895,0
7181,7235,1
7181,7299,1
7188,894,0
7189,863,0
7204,7299,1
7204,7362,1
7204,7460,1
7210,7278,0
7210,742,1
7214,723,1
7214,7486,1
7218,8022,0
7240,7264,1
7240,8030,0
7252,737,1
7252,7455,1
7252,748,1
7255,744,0
7255,7489,0
7255,8020,0
7261,7405,1
7264,7414,1
7278,7469,1
7294,8020,0
7310,894,0
7324,8008,0
7329,867,1
7332,7483,1
7371,8003,1
7390,740,0
7393,7477,1
7405,7483,1
7405,881,0
742,7486,1
7425,8003,0
7460,7489,1
7469,7482,1
7477,8003,1
7483,895,0
7489,853,1
8003,881,0
